<?xml version="1.0" encoding="UTF-8" standalone="yes"?>
<SchemaVersion MajorVerNo="2" MinorVerNo="0"/>
<SmartInfoBrowser>
      <SmartInfoDetails>
         <Title>Holiday Inn St Nazaire</Title>
            <Title xml:lang="fre">Holiday Inn St Nazaire</Title>
         <Icon>./shelve/page-84-10.png</Icon>
         <Description>vghcfghcjfgn c</Description>
                <Description xml:lang="fre">vghcfghcjfgn c</Description>
         <StartPageURL>./index.html</StartPageURL>
            <StartPageURL xml:lang="fre">./index.html</StartPageURL>
      </SmartInfoDetails>
      <Tiles>
         <Tile>
            <Icon>./shelve/page-84-10.png</Icon>
            <IconThumbnail>./shelve/page-84-10.png</IconThumbnail>
            <Label>INFOS</Label>
               <Label xml:lang="fre"></Label>
            <Link>./index.html?page=84</Link>
               <Link xml:lang="fre">./index.html?page=84&amp;lang=fr</Link>
         </Tile>
         <Tile>
            <Icon>./shelve/page-97-2.png</Icon>
            <IconThumbnail>./shelve/page-97-2.png</IconThumbnail>
            <Label>GREEN ENGAGE</Label>
               <Label xml:lang="fre"></Label>
            <Link>./index.html?page=97</Link>
               <Link xml:lang="fre">./index.html?page=97&amp;lang=fr</Link>
         </Tile>
         <Tile>
            <Icon>./shelve/page-108-2.png</Icon>
            <IconThumbnail>./shelve/page-108-2.png</IconThumbnail>
            <Label>NUMÉROS UTILES</Label>
               <Label xml:lang="fre"></Label>
            <Link>./index.html?page=108</Link>
               <Link xml:lang="fre">./index.html?page=108&amp;lang=fr</Link>
         </Tile>
         <Tile>
            <Icon>./shelve/page-119-2.png</Icon>
            <IconThumbnail>./shelve/page-119-2.png</IconThumbnail>
            <Label>RESTAURATION</Label>
               <Label xml:lang="fre"></Label>
            <Link>./index.html?page=119</Link>
               <Link xml:lang="fre">./index.html?page=119&amp;lang=fr</Link>
         </Tile>
         <Tile>
            <Icon>./shelve/page-130-2.png</Icon>
            <IconThumbnail>./shelve/page-130-2.png</IconThumbnail>
            <Label>SERVICES</Label>
               <Label xml:lang="fre"></Label>
            <Link>./index.html?page=130</Link>
               <Link xml:lang="fre">./index.html?page=130&amp;lang=fr</Link>
         </Tile>
         <Tile>
            <Icon>./shelve/page-143-2.png</Icon>
            <IconThumbnail>./shelve/page-143-2.png</IconThumbnail>
            <Label>DEMARCHE ENVIRONNEMENTALE</Label>
               <Label xml:lang="fre"></Label>
            <Link>./index.html?page=143</Link>
               <Link xml:lang="fre">./index.html?page=143&amp;lang=fr</Link>
         </Tile>
         <Tile>
            <Icon>./shelve/page-156-2.png</Icon>
            <IconThumbnail>./shelve/page-156-2.png</IconThumbnail>
            <Label>Divers</Label>
               <Label xml:lang="fre"></Label>
            <Link>./index.html?page=156</Link>
               <Link xml:lang="fre">./index.html?page=156&amp;lang=fr</Link>
         </Tile>
         <Tile>
            <Icon>./shelve/page-169-2.png</Icon>
            <IconThumbnail>./shelve/page-169-2.png</IconThumbnail>
            <Label>Loisirs</Label>
               <Label xml:lang="fre"></Label>
            <Link>./index.html?page=169</Link>
               <Link xml:lang="fre">./index.html?page=169&amp;lang=fr</Link>
         </Tile>
         <Tile>
            <Icon>./shelve/page-182-2.png</Icon>
            <IconThumbnail>./shelve/page-182-2.png</IconThumbnail>
            <Label>Restaurants</Label>
               <Label xml:lang="fre"></Label>
            <Link>./index.html?page=182</Link>
               <Link xml:lang="fre">./index.html?page=182&amp;lang=fr</Link>
         </Tile>
         <Tile>
            <Icon>./shelve/page-195-2.png</Icon>
            <IconThumbnail>./shelve/page-195-2.png</IconThumbnail>
            <Label>Santé</Label>
               <Label xml:lang="fre"></Label>
            <Link>./index.html?page=195</Link>
               <Link xml:lang="fre">./index.html?page=195&amp;lang=fr</Link>
         </Tile>
      </Tiles>
</SmartInfoBrowser>
