<?xml version="1.0" encoding="UTF-8" standalone="yes"?>
<TvContents>
    <SchemaVersion MajorVerNo="2" MinorVerNo="0"/>
    <ChannelMap>
        <Channel>
            <Source type="HDMI1"/>
            <Setup FreePKG="1" PayPKG1="0" PayPKG2="0" TTV1="0" TTV10="0" TTV2="0" TTV3="0" TTV4="0" TTV5="0" TTV6="0" TTV7="0" TTV8="0" TTV9="0" blank="0" name="HDMI1" presetnumber="1" skip="0" logo=""/>
        </Channel>
        <Channel>
            <Source type="HDMI2"/>
            <Setup FreePKG="1" PayPKG1="0" PayPKG2="0" TTV1="0" TTV10="0" TTV2="0" TTV3="0" TTV4="0" TTV5="0" TTV6="0" TTV7="0" TTV8="0" TTV9="0" blank="0" name="HDMI2" presetnumber="2" skip="0" logo=""/>
        </Channel>
        <Channel>
            <Source type="HDMI3"/>
            <Setup FreePKG="1" PayPKG1="0" PayPKG2="0" TTV1="0" TTV10="0" TTV2="0" TTV3="0" TTV4="0" TTV5="0" TTV6="0" TTV7="0" TTV8="0" TTV9="0" blank="0" name="HDMI3" presetnumber="3" skip="0" logo=""/>
        </Channel>
        <Channel>
            <Source type="HDMI4"/>
            <Setup FreePKG="1" PayPKG1="0" PayPKG2="0" TTV1="0" TTV10="0" TTV2="0" TTV3="0" TTV4="0" TTV5="0" TTV6="0" TTV7="0" TTV8="0" TTV9="0" blank="0" name="HDMI4" presetnumber="4" skip="0" logo=""/>
        </Channel>
        <Channel>
            <Source type="YPBPR"/>
            <Setup FreePKG="1" PayPKG1="0" PayPKG2="0" TTV1="0" TTV10="0" TTV2="0" TTV3="0" TTV4="0" TTV5="0" TTV6="0" TTV7="0" TTV8="0" TTV9="0" blank="0" name="YPBPR" presetnumber="5" skip="0" logo=""/>
        </Channel>
        <Channel>
            <Source type="SCART"/>
            <Setup FreePKG="1" PayPKG1="0" PayPKG2="0" TTV1="0" TTV10="0" TTV2="0" TTV3="0" TTV4="0" TTV5="0" TTV6="0" TTV7="0" TTV8="0" TTV9="0" blank="0" name="SCART" presetnumber="6" skip="0" logo=""/>
        </Channel>
        <Channel>
            <Broadcast ONID="0" TSID="88" bandwidth="Auto" frequency="601000" medium="dvbt" modulation="auto" serviceID="4161" servicetype="TV" symbolrate="0" system=""/>
            <Setup FreePKG="1" PayPKG1="0" PayPKG2="0" TTV1="0" TTV10="0" TTV2="0" TTV3="0" TTV4="0" TTV5="0" TTV6="0" TTV7="0" TTV8="0" TTV9="0" blank="0" name="qazwsxedc" presetnumber="7" skip="0"/>
        </Channel>
    </ChannelMap>
    <ApplicationMap>
        <Application>
            <Setup FreePKG="1" PayPKG1="0" PayPKG2="0" name="Apps"/>
        </Application>
        <Application>
            <Setup FreePKG="1" PayPKG1="0" PayPKG2="0" name="InternetBrowser"/>
        </Application>
        <Application>
            <Setup FreePKG="1" PayPKG1="0" PayPKG2="0" name="MediaBrowser"/>
        </Application>
        <Application>
            <Setup FreePKG="1" PayPKG1="0" PayPKG2="0" name="Miracast"/>
        </Application>
        <Application>
            <Setup FreePKG="1" PayPKG1="0" PayPKG2="0" name="PTA"/>
        </Application>
    </ApplicationMap>
    <ThemeTV/>
</TvContents>
